ImageID,bbox,masktype
os9el,"[108,350,406,511]",cloth
gksn6,"[189,191,472,400]",N95
odcws,"[269,283,496,497]",cloth
04qsi,"[51,188,316,392]",surgical
6canb,"[189,301,453,468]",KN95
alb9k,"[61,261,327,467]",surgical
q2gmk,"[209,296,432,505]",N95
axuox,"[192,267,396,461]",N95
5xk10,"[34,274,232,427]",N95
hjybn,"[48,293,327,478]",KN95
cr9qn,"[32,148,259,315]",surgical
4vu3d,"[151,417,336,512]",N95
j8cfv,"[48,357,320,511]",KN95
w1f23,"[214,318,463,477]",KN95
31jg8,"[139,159,312,370]",N95
kt3mm,"[106,235,364,450]",cloth
5khie,"[131,292,322,477]",N95
dk54z,"[173,193,487,398]",KN95
j4tg6,"[140,343,416,512]",KN95
3nek3,"[144,316,395,505]",surgical
1mu8b,"[80,309,283,511]",N95
1a4bu,"[175,300,420,505]",surgical
zkqra,"[263,192,503,394]",surgical
peemg,"[298,288,512,469]",cloth
sft4w,"[164,330,368,512]",N95
89cca,"[26,310,329,504]",KN95
87s0e,"[93,198,364,372]",cloth
qysdu,"[157,373,413,511]",surgical
e6fya,"[73,239,393,472]",KN95
ssek0,"[0,185,234,418]",surgical
es5px,"[217,216,444,386]",cloth
z5nwz,"[1,0,84,64]",KN95
67bzp,"[199,230,465,408]",surgical
22zyx,"[151,223,429,457]",KN95
ehe9t,"[0,145,266,345]",KN95
veqwx,"[166,320,377,509]",N95
c0xt8,"[78,256,333,433]",KN95
o7qal,"[257,258,464,465]",N95
qctmm,"[159,334,440,511]",KN95
fkjin,"[89,234,390,439]",KN95
xx1s3,"[205,378,479,512]",KN95
fcuq8,"[9,187,264,342]",cloth
3j6ye,"[10,419,296,512]",cloth
ctyac,"[127,221,329,352]",cloth
phn17,"[164,233,460,483]",N95
k1nz8,"[184,227,469,442]",surgical
ix8qr,"[200,236,409,430]",N95
v18iu,"[180,325,448,511]",KN95
agx1t,"[0,304,236,512]",N95
hlbtc,"[141,183,375,403]",surgical
nuysi,"[14,221,268,411]",KN95
uycpe,"[0,247,220,452]",KN95
t7n0f,"[245,297,511,498]",cloth
lj88z,"[131,244,496,480]",KN95
y79ep,"[84,424,353,512]",KN95
lvymr,"[169,300,408,510]",surgical
14vhb,"[70,122,300,306]",surgical
o05dr,"[207,284,460,507]",surgical
yyi44,"[93,145,436,400]",KN95
09hfv,"[211,99,424,274]",cloth
pdebx,"[16,299,261,484]",KN95
m4evf,"[99,282,333,471]",surgical
mt5y4,"[114,223,388,392]",cloth
tq7ro,"[205,42,491,275]",KN95
ra5j6,"[108,346,327,512]",N95
2qwek,"[88,309,394,512]",cloth
a9f37,"[172,371,414,512]",surgical
umw0r,"[176,371,427,512]",surgical
0kwso,"[8,216,264,460]",cloth
9yuzx,"[181,148,460,334]",cloth
jlefw,"[132,201,381,416]",surgical
ihusr,"[49,40,291,206]",surgical
9u0x2,"[160,198,424,422]",cloth
9dbwo,"[120,403,319,512]",N95
d7xbn,"[96,292,344,473]",surgical
g4hw7,"[98,327,388,502]",cloth
dykf8,"[163,140,379,354]",N95
h4zey,"[156,401,392,512]",surgical
72cs6,"[126,217,428,449]",cloth
6kz6j,"[200,305,408,512]",N95
6snax,"[168,266,466,460]",cloth
5papw,"[70,318,345,511]",cloth
w4th7,"[14,157,332,411]",surgical
2uj28,"[110,339,380,512]",surgical
xwmhq,"[288,322,512,479]",KN95
pu14u,"[105,222,400,419]",KN95
p1fqe,"[137,322,315,507]",N95
3ggql,"[319,249,494,447]",N95
12o1b,"[18,227,207,444]",N95
edt2g,"[223,419,407,512]",N95
x7kvz,"[200,471,466,512]",cloth
ao0f5,"[13,346,295,512]",cloth
cdl4a,"[175,394,439,512]",cloth
fkzi5,"[148,270,445,472]",cloth
jiz0v,"[98,272,360,438]",cloth
akxvb,"[77,206,349,388]",KN95
jwp6t,"[177,158,379,380]",N95
ertan,"[184,230,498,441]",KN95
2yek6,"[120,148,396,370]",cloth
1tj6y,"[143,214,388,418]",surgical
t9j58,"[56,290,297,484]",surgical
rkdtg,"[110,124,321,371]",N95
0lfgm,"[0,260,350,487]",KN95
fmnk4,"[195,268,441,438]",KN95
0530c,"[188,234,444,467]",N95
oygsa,"[45,307,300,494]",surgical
sfqog,"[91,245,341,492]",surgical
q5n30,"[335,122,503,324]",N95
ke4zq,"[222,172,488,378]",surgical
wjmxe,"[79,323,358,512]",surgical
l3y68,"[128,163,398,352]",KN95
wddiq,"[47,340,297,509]",cloth
jvvlv,"[120,271,362,463]",cloth
0wheg,"[250,369,512,512]",cloth
upcxb,"[17,314,217,512]",N95
4cnoq,"[220,389,464,512]",cloth
fkyi4,"[191,307,422,496]",surgical
1hqaf,"[285,212,479,421]",N95
az86d,"[17,280,315,502]",surgical
zxx06,"[35,302,318,512]",KN95
a7xio,"[71,188,344,400]",cloth
cwykb,"[169,183,412,368]",surgical
vq5ub,"[123,316,420,503]",KN95
g2d0d,"[268,126,511,380]",KN95
ltsn1,"[176,288,464,486]",KN95
pzuqv,"[96,380,280,511]",N95
jhz5p,"[54,218,335,423]",cloth
s9fg4,"[141,337,412,501]",cloth
17n7w,"[64,355,333,512]",KN95
yy8or,"[177,260,403,426]",surgical
zf0xb,"[24,288,137,409]",N95
eb896,"[295,128,512,312]",cloth
v217j,"[197,164,484,375]",cloth
7z6kr,"[0,177,275,401]",N95
sj68d,"[149,231,445,494]",KN95
vfy83,"[84,357,366,512]",cloth
6fxf9,"[144,417,340,512]",surgical
ry8r8,"[150,119,335,352]",N95
ts416,"[220,280,511,501]",N95
vvwif,"[148,77,338,277]",N95
0u54i,"[198,261,446,432]",cloth
uga6j,"[234,245,387,437]",N95
3g060,"[84,240,293,450]",N95
yake5,"[55,213,346,511]",surgical
rkr7x,"[325,308,512,487]",KN95
q53c1,"[66,311,369,500]",KN95
hfhvq,"[151,200,410,446]",surgical
qjfy9,"[133,323,389,497]",KN95
bn98q,"[11,241,292,462]",KN95
fyl2o,"[157,271,325,427]",N95
qaauh,"[144,199,464,423]",KN95
2501h,"[212,225,412,464]",N95
swbne,"[69,366,348,512]",surgical
795ci,"[128,196,424,492]",KN95
mzopa,"[39,204,332,442]",cloth
t4rnd,"[62,246,311,413]",KN95
0lqat,"[47,247,267,447]",N95
jeekh,"[228,80,472,307]",surgical
fk6k5,"[35,362,285,512]",cloth
v9zbj,"[102,323,270,512]",N95
ymioy,"[95,45,312,246]",N95
037bo,"[372,300,507,472]",N95
7kh4p,"[105,300,346,476]",surgical
44ux5,"[106,296,296,505]",N95
j9do5,"[268,202,511,444]",surgical
2zqtk,"[274,287,507,475]",surgical
1cwbw,"[76,185,341,417]",surgical
6glob,"[140,215,421,426]",cloth
vzoad,"[104,273,377,456]",cloth
kb7v3,"[194,268,481,511]",cloth
5ximt,"[221,371,463,512]",KN95
1sa11,"[179,228,449,393]",KN95
4b0to,"[160,284,454,511]",surgical
kysoo,"[48,209,361,414]",KN95
ft8yb,"[13,248,239,417]",surgical
ragap,"[244,264,453,489]",N95
jkqts,"[125,115,292,262]",N95
oogtw,"[107,234,340,433]",surgical
jnw7u,"[118,292,415,491]",KN95
s1tpw,"[61,275,341,489]",surgical
xj64j,"[260,378,434,512]",N95
y39jy,"[175,331,375,468]",KN95
cixru,"[153,225,415,426]",cloth
rxu4o,"[226,223,472,430]",surgical
s09le,"[220,186,421,391]",N95
pdcl6,"[55,238,281,421]",N95
uqv03,"[128,194,422,399]",cloth
sha4v,"[176,291,424,512]",cloth
qcs31,"[0,294,177,446]",cloth
rw4vq,"[10,352,311,512]",cloth
47n50,"[177,202,457,400]",cloth
d6iy0,"[141,240,304,409]",N95
viwut,"[171,168,426,362]",surgical
5rhbt,"[96,269,371,468]",surgical
dh4fs,"[108,146,435,351]",cloth
x8kq5,"[218,253,439,464]",N95
vgdir,"[98,364,363,512]",cloth
u0rfx,"[20,300,210,506]",N95
nyncn,"[74,190,336,428]",cloth
jvknc,"[157,337,413,512]",N95
16nsy,"[98,111,378,284]",cloth
7n9pf,"[152,245,466,462]",KN95
xzl94,"[70,312,372,512]",surgical
7szkc,"[179,276,449,473]",surgical
ttdaf,"[276,296,502,467]",surgical
sbvk6,"[161,243,371,456]",cloth
7fhe0,"[244,169,475,324]",KN95
bxvrw,"[62,152,321,368]",surgical
247f6,"[35,235,316,445]",cloth
d4ixy,"[139,166,308,340]",N95
u3n63,"[36,433,309,512]",cloth
ac952,"[263,83,511,325]",surgical
bls12,"[263,127,511,326]",KN95
fk83z,"[124,253,413,478]",cloth
oe1bo,"[88,258,365,483]",surgical
k6k5h,"[168,276,420,452]",KN95
t3qg4,"[0,119,280,324]",KN95
be0i0,"[133,248,365,427]",surgical
8f171,"[433,236,512,300]",surgical
0u1d4,"[94,264,376,458]",cloth
4f849,"[64,369,319,512]",KN95
6g7ri,"[126,126,431,309]",cloth
5k32a,"[216,231,512,454]",KN95
wh3tn,"[108,355,390,512]",cloth
36ef8,"[174,271,476,508]",surgical
nrldo,"[184,293,452,493]",surgical
o4eaf,"[109,117,380,301]",surgical
011ii,"[88,312,370,512]",KN95
paov7,"[30,103,292,320]",surgical
8m9ux,"[44,258,302,432]",cloth
an0zx,"[154,144,311,344]",N95
iiabf,"[0,191,238,382]",KN95
1r8m3,"[0,353,220,512]",KN95
rl2bn,"[135,247,429,469]",KN95
g770y,"[151,344,398,512]",cloth
vcgvs,"[0,132,248,353]",N95
iy7sr,"[180,195,436,424]",cloth
og0v7,"[262,166,463,347]",N95
de362,"[107,188,317,408]",N95
v7774,"[0,394,273,512]",KN95
wmgrz,"[132,160,339,368]",N95
kf7cf,"[6,265,274,463]",N95
7u6bc,"[274,179,451,368]",N95
lpb0i,"[189,208,455,453]",N95
e2dxa,"[184,205,456,438]",KN95
3p0ib,"[96,240,347,456]",surgical
9l6l8,"[128,222,390,396]",surgical
pcq96,"[186,256,460,435]",cloth
anmcl,"[251,266,459,473]",N95
hyrtw,"[166,353,423,512]",cloth
ahkkv,"[57,230,347,432]",cloth
p4pm0,"[201,311,387,512]",N95
rt64s,"[205,341,471,511]",cloth
y6pzw,"[103,196,288,393]",N95
khder,"[37,191,342,441]",KN95
0jff6,"[11,408,137,512]",N95
aztd6,"[84,106,330,291]",surgical
akd90,"[66,339,281,512]",N95
jqe9j,"[108,220,332,418]",KN95
01f2w,"[153,336,428,512]",surgical
cm26i,"[140,239,346,429]",surgical
h8ram,"[119,162,296,356]",N95
7m4aj,"[288,215,477,426]",N95
i8lyk,"[111,316,351,508]",N95
m1yqh,"[202,281,348,426]",N95
qf656,"[52,236,323,425]",KN95
9as7s,"[242,67,399,264]",N95
877im,"[56,187,363,458]",N95
3ooh8,"[202,405,384,512]",N95
y90jo,"[90,366,347,511]",KN95
bzptj,"[201,245,496,472]",KN95
g4y3l,"[115,344,407,512]",N95
n4f1e,"[236,259,512,482]",cloth
5haed,"[80,289,325,489]",surgical
b30iy,"[23,164,259,382]",surgical
vhwyg,"[61,295,267,503]",N95
p16rb,"[240,106,432,308]",N95
l29mh,"[47,371,334,512]",N95
t7m8p,"[0,213,257,445]",cloth
nuc2g,"[107,260,344,462]",N95
tbqkq,"[172,27,462,278]",cloth
gtyvn,"[114,405,292,511]",N95
p8909,"[149,376,344,512]",N95
w9s6x,"[94,380,366,512]",surgical
3epso,"[134,259,441,494]",KN95
cax1y,"[0,257,238,452]",KN95
000x4,"[80,317,263,504]",N95
lfbhn,"[146,287,412,508]",surgical
8f9xl,"[256,389,440,512]",N95
o8546,"[122,93,391,262]",cloth
he277,"[140,251,367,447]",surgical
kx408,"[161,260,449,423]",cloth
xotk3,"[0,350,305,511]",KN95
zyoi9,"[196,169,462,387]",cloth
ddikb,"[129,238,450,484]",KN95
evr4z,"[192,280,493,512]",cloth
ot4ta,"[72,366,368,512]",KN95
fzoe7,"[131,302,419,497]",surgical
jdgq7,"[13,320,278,512]",surgical
m4gds,"[114,240,394,438]",KN95
deeja,"[260,240,423,429]",N95
j2mxs,"[68,407,322,512]",surgical
wmjhq,"[101,455,372,512]",cloth
88z4b,"[39,234,275,402]",cloth
rwqv6,"[134,266,313,430]",N95
ei9tz,"[197,226,460,451]",N95
i8l95,"[128,428,390,511]",KN95
63xdm,"[91,187,351,363]",KN95
zmab6,"[218,231,439,463]",N95
1ixqq,"[224,305,472,510]",surgical
il0tu,"[12,240,251,437]",surgical
jexz4,"[68,228,349,423]",cloth
oo9dj,"[98,364,278,512]",N95
3rdev,"[148,309,440,512]",cloth
7dr99,"[92,137,378,340]",KN95
ezvir,"[108,150,383,372]",N95
6rhwm,"[0,128,259,365]",KN95
donmr,"[21,189,200,372]",N95
pjcgt,"[164,172,390,389]",N95
3d4gw,"[63,244,303,443]",surgical
m5jhz,"[106,262,380,427]",KN95
7kpnu,"[180,417,406,512]",surgical
1sc62,"[73,235,280,452]",N95
t8jj4,"[216,80,476,289]",surgical
5so5r,"[188,322,439,483]",surgical
wiry7,"[0,310,215,510]",surgical
s2262,"[158,332,436,511]",KN95
7g12c,"[73,437,315,512]",cloth
a006a,"[256,324,415,497]",N95
2adut,"[151,320,437,496]",cloth
p7jg0,"[255,344,486,512]",surgical
rvdi2,"[115,330,362,512]",N95
78a4n,"[327,106,511,272]",KN95
3l7z4,"[152,227,402,430]",surgical
nltee,"[40,385,272,512]",surgical
bvikm,"[68,152,450,405]",cloth
5i94k,"[171,192,401,365]",surgical
qvg8e,"[150,195,452,387]",KN95
fispy,"[187,286,466,484]",KN95
ofbwi,"[0,153,298,385]",KN95
mmbpl,"[130,366,339,512]",N95
8o105,"[112,369,302,512]",N95
1n2tl,"[139,221,419,430]",cloth
3clv2,"[208,334,415,490]",surgical
6r411,"[168,375,392,502]",KN95
7fvax,"[51,237,324,411]",KN95
0k5ff,"[152,197,352,404]",N95
mzb33,"[248,227,485,403]",surgical
g98au,"[156,129,436,324]",surgical
9d2px,"[67,301,345,509]",surgical
k92ve,"[229,61,428,271]",N95
l7s58,"[147,200,334,376]",N95
pw64u,"[185,255,432,450]",surgical
052ug,"[168,417,424,512]",KN95
eqlhc,"[104,219,384,429]",cloth
cb0u8,"[153,321,322,512]",N95
k8nov,"[163,400,386,512]",surgical
t9hjy,"[75,323,314,512]",N95
2wuyt,"[107,88,412,291]",cloth
1f6xq,"[286,302,477,512]",N95
vslgz,"[250,236,512,452]",KN95
2fdth,"[0,236,204,447]",surgical
gst43,"[117,248,383,483]",KN95
ysjbd,"[160,289,433,512]",cloth
cj95b,"[0,261,289,511]",KN95
89pnp,"[84,348,308,511]",surgical
lfxee,"[130,280,383,482]",surgical
30anj,"[119,143,401,360]",N95
kjiho,"[127,389,365,512]",surgical
flghh,"[151,202,405,376]",surgical
g8q2q,"[27,209,328,432]",cloth
uqwf5,"[143,209,408,401]",KN95
h71ti,"[72,312,294,512]",N95
g2zdq,"[48,408,329,512]",cloth
ts04t,"[6,276,267,457]",KN95
y31wp,"[84,228,338,411]",surgical
pnlrp,"[76,353,357,512]",cloth
peyo6,"[218,244,490,425]",surgical
cqwa3,"[289,152,481,352]",N95
zstuj,"[35,139,312,381]",N95
jqzwi,"[224,156,394,346]",N95
4gq08,"[164,158,459,417]",KN95
ea9nc,"[130,283,388,461]",surgical
naq93,"[33,172,292,334]",cloth
vsmmy,"[94,249,328,429]",cloth
uupv7,"[120,258,383,444]",surgical
mplc7,"[78,414,272,511]",surgical
uq8jb,"[4,243,234,449]",surgical
1srf6,"[157,273,415,423]",KN95
bqffd,"[312,389,464,511]",N95
3tu9o,"[109,337,285,512]",N95
utf8e,"[95,182,306,406]",N95
7rnmf,"[227,319,457,511]",N95
698lh,"[157,250,420,448]",surgical
cs2yq,"[268,336,512,512]",KN95
z8dbg,"[127,265,294,458]",N95
u16x2,"[184,219,418,431]",N95
wf0es,"[73,366,324,512]",KN95
xztkb,"[144,244,361,457]",N95
xl3g7,"[325,337,477,466]",KN95
oklpz,"[376,239,512,375]",KN95
537xf,"[73,206,283,385]",N95
lhinm,"[130,129,303,315]",N95
kcp8a,"[224,134,462,326]",surgical
a6v3s,"[39,153,258,354]",N95
6ct5j,"[253,357,447,511]",N95
yv0hu,"[118,239,438,459]",KN95
jnwdj,"[62,291,360,512]",KN95
fmmwo,"[146,96,431,378]",N95
begbv,"[0,350,252,511]",cloth
ohy4d,"[60,281,348,475]",KN95
tu0jt,"[111,254,374,440]",cloth
le677,"[121,252,408,469]",KN95
rr3q3,"[91,251,431,477]",KN95
h34t1,"[220,264,446,433]",surgical
q1o48,"[275,257,444,436]",N95
leb2q,"[0,362,231,512]",surgical
gq2xw,"[74,222,312,383]",cloth
hhzkv,"[173,129,364,334]",N95
rovj0,"[0,143,165,331]",cloth
u77ln,"[30,260,272,478]",cloth
4t0tr,"[0,350,248,512]",surgical
kjp5v,"[187,264,444,488]",surgical
ioyr2,"[1,373,220,511]",surgical
pgbq1,"[20,355,292,512]",surgical
nos92,"[147,350,409,511]",cloth
rbboh,"[81,208,393,417]",cloth
8us2p,"[115,304,365,484]",surgical
rc3nr,"[173,167,350,355]",N95
br3ba,"[0,298,225,497]",surgical
fvz17,"[142,249,300,424]",N95
23z6g,"[238,334,511,512]",cloth
e60rh,"[189,51,456,284]",KN95
stj0d,"[93,132,317,317]",N95
uxb84,"[158,145,422,339]",cloth
vogye,"[176,252,414,463]",surgical
a67pv,"[48,272,363,483]",KN95
zdba4,"[172,285,481,486]",KN95
2ocl7,"[275,209,485,403]",N95
u6ysw,"[13,261,167,446]",N95
x0bg0,"[31,364,334,511]",cloth
5udzt,"[216,239,480,391]",cloth
doffg,"[188,142,446,328]",cloth
otaod,"[52,248,358,512]",KN95
95jah,"[177,271,418,464]",cloth
xhuw2,"[193,236,407,508]",N95
4zrfi,"[113,396,292,512]",N95
88iiy,"[16,346,267,512]",surgical
c67nf,"[295,193,511,402]",surgical
25frm,"[311,389,464,512]",N95
f9lx9,"[85,196,364,380]",KN95
qhlat,"[140,332,410,511]",surgical
weq5d,"[201,92,504,336]",N95
sxjcj,"[88,218,389,432]",cloth
pe2ke,"[257,208,467,398]",N95
z81fd,"[170,414,440,512]",cloth
b1ita,"[46,353,296,512]",N95
ep4qi,"[223,240,482,432]",KN95
4g66k,"[162,417,468,512]",KN95
hqqkl,"[19,394,277,512]",cloth
zhd62,"[194,336,472,512]",KN95
g8ltq,"[143,265,370,444]",surgical
u9war,"[193,147,435,331]",cloth
uucei,"[156,246,414,461]",surgical
tlt3p,"[288,225,512,436]",surgical
6ei3l,"[178,174,495,403]",KN95
jcbvg,"[85,329,356,497]",surgical
o50wf,"[100,261,400,467]",cloth
orozg,"[163,207,418,415]",surgical
9la72,"[96,332,333,512]",surgical
0bx2l,"[182,316,414,508]",surgical
t3vaz,"[222,314,511,512]",surgical
pq1b7,"[197,151,504,426]",KN95
kuid9,"[125,309,388,503]",surgical
b4id0,"[71,352,236,512]",N95
degsk,"[104,282,331,481]",surgical
k499k,"[102,222,296,438]",N95
so5us,"[165,180,438,394]",cloth
0z3nf,"[29,236,253,452]",N95
nv55b,"[159,183,341,407]",N95
iaaqy,"[13,221,309,428]",cloth
93if2,"[111,151,290,330]",N95
fz6or,"[146,193,386,393]",surgical
i9jef,"[266,261,512,419]",KN95
lz4kc,"[156,128,431,344]",KN95
zv6yv,"[135,257,419,439]",cloth
c0rpj,"[316,328,511,507]",surgical
17g9x,"[147,181,386,364]",KN95
hz852,"[286,267,511,482]",cloth
s6ebb,"[122,272,400,484]",surgical
fqsu3,"[107,307,312,512]",N95
5qk2v,"[108,357,376,512]",KN95
a9af3,"[250,85,512,296]",KN95
22rh4,"[143,231,421,445]",N95
si4gl,"[0,271,193,448]",surgical
4qnw5,"[0,308,307,510]",KN95
tnln4,"[145,308,385,500]",surgical
u2k04,"[183,266,464,512]",N95
wlhmd,"[181,161,493,364]",KN95
e9cqu,"[291,96,512,297]",surgical
8bgw7,"[1,293,234,495]",cloth
ako3w,"[27,217,233,383]",surgical
ivj2y,"[68,245,387,428]",KN95
wmp1x,"[67,167,340,355]",cloth
f8snx,"[48,398,315,512]",KN95
ysnh3,"[105,254,383,428]",cloth
p89an,"[148,442,364,512]",surgical
dh6x8,"[96,337,324,512]",surgical
yma96,"[99,314,437,512]",KN95
6noyy,"[112,371,296,512]",N95
re56v,"[323,102,512,294]",cloth
1yfp5,"[11,201,276,384]",surgical
l3web,"[214,272,420,474]",N95
gf9xd,"[13,133,246,351]",N95
x0okd,"[142,337,412,512]",KN95
de3oe,"[114,181,321,389]",N95
bgb0f,"[86,384,340,512]",surgical
7feo5,"[142,296,355,489]",N95
xc2is,"[188,318,462,512]",surgical
zd81x,"[0,235,232,436]",cloth
aiwb4,"[103,298,342,480]",surgical
zij0z,"[115,410,274,512]",N95
1rskf,"[177,165,386,348]",N95
mhcdd,"[109,156,360,318]",cloth
wuec6,"[139,168,333,370]",N95
ylf4y,"[24,217,360,416]",KN95
412qv,"[96,227,307,441]",surgical
pd2p5,"[219,196,464,378]",surgical
8bmbk,"[195,265,451,424]",KN95
kyy3o,"[174,268,445,469]",surgical
op9by,"[152,204,448,425]",cloth
004b0,"[80,376,373,512]",cloth
8ppys,"[42,272,298,486]",cloth
u7fla,"[226,260,483,510]",cloth
uwqcf,"[350,314,511,512]",N95
81jil,"[159,240,430,472]",cloth
jzrmm,"[156,138,410,329]",surgical
byatx,"[98,267,409,493]",cloth
4ds6u,"[213,193,373,387]",N95
0x7te,"[279,162,510,328]",KN95
3gd5x,"[284,158,512,348]",surgical
7x5dq,"[222,332,451,473]",surgical
arabv,"[56,151,240,332]",N95
l6egu,"[96,105,372,314]",cloth
3el1d,"[321,177,512,414]",cloth
gw4a3,"[160,347,449,511]",cloth
pxc2i,"[101,272,397,512]",KN95
dutv1,"[63,259,299,474]",surgical
5ppnd,"[144,416,371,512]",surgical
jtazp,"[232,356,387,504]",N95
drcv3,"[170,261,441,438]",cloth
o27mp,"[250,254,512,465]",cloth
8r44q,"[110,246,355,439]",surgical
a27l3,"[70,311,332,510]",surgical
wgua5,"[159,256,338,440]",N95
9k6yn,"[191,212,430,439]",cloth
cixyb,"[177,211,366,441]",N95
elgmz,"[26,190,328,412]",surgical
fneet,"[0,348,222,512]",surgical
f2nes,"[97,240,446,497]",KN95
kjoqj,"[48,315,271,508]",surgical
vx55y,"[233,238,508,439]",N95
r6z4r,"[95,37,334,199]",surgical
pdmzo,"[248,252,449,446]",N95
ul97x,"[157,239,493,493]",KN95
umevf,"[145,196,392,385]",KN95
i3yh5,"[183,244,438,466]",N95
i8dn1,"[107,164,371,353]",surgical
4k568,"[194,300,415,510]",N95
2lc8z,"[69,245,358,467]",cloth
sgbpv,"[172,375,476,512]",cloth
a4vm8,"[119,231,423,511]",KN95
fu87u,"[148,265,446,456]",cloth
vz7lx,"[119,281,320,482]",N95
frfnq,"[14,184,280,388]",surgical
pc4qt,"[108,55,419,352]",KN95
djdrz,"[24,101,261,293]",surgical
tt221,"[162,187,410,404]",surgical
peebj,"[159,148,402,332]",N95
t0zpp,"[115,261,360,437]",surgical
4nttv,"[114,274,367,486]",KN95
buwxn,"[164,304,380,509]",N95
cd05f,"[2,171,284,374]",KN95
lcusw,"[184,177,455,442]",surgical
9ku8l,"[207,186,492,375]",KN95
sm1we,"[69,132,340,341]",N95
yvo7m,"[64,330,309,512]",cloth
bines,"[103,164,396,328]",KN95
rc46e,"[122,266,324,464]",N95
orvbx,"[101,140,380,346]",cloth
a0mpv,"[111,208,414,424]",surgical
19rbs,"[34,187,342,385]",KN95
ye794,"[471,243,512,458]",N95
5dydr,"[132,296,349,478]",cloth
gc275,"[196,376,505,512]",KN95
qfa6n,"[284,410,512,512]",cloth
m229w,"[176,236,414,434]",surgical
jydgb,"[175,340,437,510]",surgical
tt0zw,"[117,317,371,489]",N95
r25ud,"[137,196,413,425]",N95
cxm00,"[174,265,437,426]",cloth
jat2v,"[187,301,450,491]",cloth
lxnm5,"[220,90,413,279]",N95
59jfr,"[101,149,327,365]",N95
nsdq1,"[121,149,297,333]",N95
pav9g,"[215,264,440,471]",N95
92y33,"[55,183,252,372]",N95
uvydp,"[178,197,419,389]",surgical
c2p5j,"[61,208,316,421]",surgical
wejem,"[119,269,324,485]",N95
t3me2,"[176,200,382,417]",N95
29rdf,"[185,239,365,432]",N95
xvq25,"[62,314,387,512]",KN95
ve7ku,"[11,233,269,434]",surgical
bdelr,"[0,242,225,442]",surgical
wq62s,"[86,229,363,444]",surgical
0u3jj,"[136,160,391,349]",cloth
i45ud,"[0,233,188,443]",surgical
x6swg,"[91,313,369,506]",KN95
6onmz,"[248,215,512,477]",KN95
px4z1,"[166,245,436,445]",surgical
cuypz,"[135,330,460,512]",KN95
70786,"[157,278,432,496]",KN95
vh0kg,"[149,215,420,440]",cloth
vw155,"[48,182,367,440]",KN95
lojxt,"[88,391,296,512]",N95
eanff,"[214,181,488,436]",surgical
rvqkv,"[160,147,346,352]",N95
4ctef,"[167,366,445,512]",cloth
o3e99,"[187,302,465,499]",cloth
1ilej,"[0,148,227,348]",KN95
brr1w,"[79,216,350,457]",KN95
v238v,"[41,202,324,408]",cloth
m86v5,"[34,263,288,446]",N95
8cppi,"[71,199,362,397]",cloth
8bh3r,"[166,272,468,472]",cloth
u0per,"[72,275,338,473]",KN95
omc04,"[167,266,446,489]",surgical
rqqf1,"[128,168,395,357]",surgical
u7ypn,"[0,259,215,497]",KN95
3hte3,"[179,302,468,511]",KN95
pit1b,"[182,350,489,511]",cloth
4z4mc,"[173,314,478,512]",KN95
lhj1v,"[0,133,245,360]",KN95
mfpd2,"[246,219,496,413]",surgical
2p5qx,"[24,296,322,511]",KN95
x84cd,"[204,215,467,398]",KN95
pnb2d,"[86,176,334,369]",surgical
7q7yy,"[104,275,397,512]",N95
x2fpr,"[116,353,379,512]",surgical
737s9,"[169,152,346,346]",N95
jgox3,"[81,227,366,391]",cloth
jxuso,"[144,304,402,503]",surgical
kg19s,"[110,341,287,511]",N95
hkegu,"[213,320,380,466]",N95
9pgvd,"[144,302,358,479]",N95
gvucx,"[37,225,302,412]",surgical
a8508,"[293,164,511,364]",KN95
9rddh,"[183,239,481,511]",KN95
vaqhl,"[174,228,445,444]",cloth
osnie,"[229,228,462,445]",N95
0hy17,"[101,49,511,496]",KN95
s50kw,"[171,287,429,498]",surgical
2qb0m,"[82,321,316,512]",surgical
z1uy1,"[98,318,303,508]",N95
qe1lo,"[129,293,400,512]",N95
87q2f,"[125,119,383,338]",cloth
7712w,"[199,264,511,484]",KN95
zemx2,"[100,264,354,450]",cloth
9bym1,"[0,129,209,348]",KN95
b6nuo,"[48,218,342,428]",N95
s9qo3,"[295,391,512,512]",cloth
8cybf,"[286,220,512,412]",surgical
ew5ih,"[62,206,309,383]",surgical
1qopz,"[247,153,503,354]",surgical
p3p8u,"[71,195,346,375]",cloth
z6f5d,"[169,178,463,368]",KN95
gzoz6,"[0,316,273,482]",cloth
t76va,"[186,201,464,410]",KN95
8trse,"[80,156,402,378]",KN95
de4rs,"[130,385,377,512]",surgical
vc9x1,"[11,311,312,486]",cloth
xfpjk,"[240,304,481,491]",KN95
de866,"[101,321,396,512]",N95
thvd9,"[83,294,311,494]",cloth
qfvzh,"[223,277,408,493]",N95
vhgzv,"[206,337,468,512]",KN95
ge088,"[66,266,340,452]",cloth
tmqe0,"[158,252,412,468]",cloth
a9li2,"[99,115,377,357]",KN95
npgg5,"[220,116,476,306]",KN95
0xq9r,"[186,359,489,512]",N95
iz187,"[181,287,440,472]",cloth
f8pfm,"[201,369,424,512]",N95
1au8t,"[168,221,438,421]",KN95
sxt1z,"[140,312,431,512]",cloth
relcz,"[116,253,402,456]",surgical
kzp56,"[131,286,433,477]",surgical
47m61,"[174,332,465,511]",surgical
1j31d,"[239,214,480,404]",surgical
tdrsj,"[25,107,312,345]",surgical
9dilb,"[138,300,391,483]",surgical
rnidc,"[49,265,375,508]",surgical
lywjl,"[180,297,432,473]",cloth
nhjvq,"[167,159,511,380]",KN95
fdfe0,"[209,220,464,400]",cloth
qq9x6,"[185,121,456,335]",surgical
8igy6,"[154,236,425,434]",surgical
x9q2h,"[129,264,325,457]",N95
abkzs,"[114,250,351,433]",surgical
ip52t,"[330,76,512,276]",KN95
vv75v,"[0,327,211,512]",cloth
r9pkl,"[196,250,466,442]",KN95
876v4,"[230,132,392,317]",N95
aj9ie,"[185,296,387,503]",N95
2zuzk,"[155,190,454,397]",cloth
xiwrh,"[205,375,409,512]",N95
e6bfk,"[162,280,394,437]",cloth
ot78z,"[153,398,424,512]",cloth
hboqz,"[116,218,399,403]",cloth
5wo6g,"[128,170,372,360]",surgical
n3jy1,"[252,272,505,512]",N95
dj56l,"[248,188,436,396]",N95
1tldc,"[199,258,512,476]",surgical
0bemw,"[4,329,250,511]",surgical
7qr4m,"[24,239,341,440]",cloth
3xqau,"[211,85,373,308]",N95
br3j6,"[0,215,229,429]",cloth
dc67v,"[146,263,353,442]",N95
68ht3,"[184,135,396,337]",N95
mrx1b,"[5,275,232,494]",cloth
0w8uf,"[0,285,284,508]",KN95
23yy4,"[100,117,454,355]",KN95
7vyzl,"[88,369,300,512]",N95
rtisk,"[296,107,486,345]",N95
v59b1,"[200,190,486,389]",cloth
v1pxv,"[44,112,218,308]",N95
hnqtk,"[131,235,425,441]",cloth
z63v5,"[103,299,380,486]",cloth
bjeuz,"[270,334,512,511]",KN95
qu6po,"[135,185,366,379]",surgical
jvcz8,"[2,378,303,512]",N95
ex9cq,"[243,252,418,446]",N95
a2alb,"[67,236,348,450]",cloth
wrx4y,"[218,263,496,446]",KN95
87bd8,"[114,232,364,408]",surgical
jp3x2,"[160,237,425,452]",surgical
h9bv4,"[115,226,322,450]",N95
y2owy,"[137,319,394,501]",surgical
vkmdo,"[235,292,472,483]",surgical
4ak87,"[218,209,512,481]",surgical
j36jx,"[77,151,304,356]",cloth
cy1wg,"[226,266,456,428]",surgical
f2op4,"[81,63,373,309]",surgical
y4u4j,"[18,230,352,452]",KN95
k1t4o,"[116,191,300,392]",N95
jbwbl,"[268,323,512,512]",cloth
2ziii,"[63,114,357,306]",surgical
qira0,"[102,204,285,405]",N95
i7v6j,"[59,111,245,321]",N95
ujcuh,"[100,314,384,512]",KN95
72qra,"[182,291,383,480]",N95
yd1w4,"[48,293,320,512]",surgical
yc29n,"[124,344,372,512]",cloth
ltcyp,"[263,255,454,429]",N95
ec0ks,"[74,334,336,511]",KN95
w4lez,"[148,193,405,411]",surgical
h2gl1,"[167,245,383,420]",surgical
t9soy,"[30,103,310,349]",surgical
cfzm4,"[6,378,280,512]",N95
gi60j,"[200,300,455,496]",surgical
epszf,"[141,286,447,481]",cloth
73u32,"[53,278,243,504]",N95
57t2l,"[88,295,344,474]",cloth
c0etr,"[170,142,442,339]",KN95
6gzka,"[74,249,366,460]",KN95
f835j,"[298,57,512,268]",KN95
84q1s,"[0,140,268,332]",cloth
1q0mc,"[223,391,476,512]",surgical
a24k1,"[90,314,368,503]",cloth
uioro,"[140,378,322,512]",N95
848xt,"[125,208,324,400]",N95
wthah,"[146,274,371,483]",N95
jp01w,"[167,244,433,462]",KN95
qfk0f,"[113,303,382,498]",cloth
s4a7f,"[204,200,414,410]",N95
astz6,"[184,369,409,512]",cloth
j8zk7,"[0,307,218,512]",surgical
qtemt,"[51,202,314,391]",KN95
2z318,"[12,234,388,481]",KN95
47li8,"[120,128,355,398]",N95
li2zn,"[164,371,429,512]",N95
l1l95,"[157,334,413,512]",KN95
h804n,"[175,157,399,383]",N95
mizjc,"[271,196,498,377]",surgical
zlx1v,"[158,314,410,512]",KN95
d8tt5,"[192,243,448,462]",surgical
axzon,"[189,291,488,481]",cloth
rpuv3,"[213,205,414,388]",N95
fpmje,"[80,226,359,507]",N95
ccmwy,"[95,187,344,426]",surgical
zrxfy,"[143,143,348,409]",N95
2nl94,"[62,139,336,367]",N95
bv2h4,"[256,278,509,510]",N95
vjfqw,"[69,151,335,362]",surgical
t6sl2,"[209,159,375,347]",N95
0o1z6,"[134,169,454,386]",KN95
j8na8,"[262,216,459,406]",N95
urh44,"[219,229,447,380]",surgical
zgqfr,"[143,192,402,372]",cloth
z7h3t,"[188,225,422,400]",surgical
lmgso,"[90,232,396,438]",KN95
ahtgo,"[218,216,456,419]",surgical
lc96u,"[132,53,406,264]",cloth
k3kpm,"[182,242,430,436]",surgical
ggts4,"[21,215,287,382]",cloth
1l7if,"[129,312,368,492]",KN95
auatq,"[293,296,501,512]",N95
mjav6,"[109,185,391,408]",surgical
rg6u8,"[173,98,493,319]",cloth
bdym7,"[61,188,296,391]",N95
tcyph,"[0,238,289,453]",KN95
cnl2w,"[129,239,416,482]",surgical
8etmh,"[365,294,388,312]",surgical
dmttd,"[120,202,370,369]",cloth
tpsed,"[111,235,299,438]",N95
p1y14,"[94,252,348,484]",surgical
t0eys,"[208,231,406,426]",N95
zivxg,"[176,280,360,483]",N95
w54fo,"[46,275,339,512]",KN95
v8ncu,"[51,252,340,512]",KN95
nj37u,"[5,218,231,414]",surgical
o9bl2,"[79,120,370,320]",cloth
x1ssx,"[189,296,382,512]",N95
6bbrv,"[141,308,436,511]",KN95
pf3e9,"[60,227,336,425]",KN95
rimzl,"[99,202,347,385]",cloth
4syr1,"[116,178,388,360]",cloth
uo390,"[104,77,371,284]",surgical
saggp,"[179,352,442,512]",cloth
iczcw,"[229,280,512,489]",KN95
9w3cr,"[5,344,232,511]",cloth
f8mp1,"[287,344,510,512]",surgical
6bcr4,"[37,208,316,424]",cloth
6fvu4,"[91,291,470,512]",KN95
e6dil,"[6,145,309,362]",KN95
awt6v,"[108,273,373,512]",KN95
qsyd6,"[291,226,512,409]",cloth
7t6mb,"[181,112,452,337]",surgical
n5ehy,"[161,285,430,507]",cloth
wmir8,"[269,280,455,457]",N95
cdvc9,"[264,160,475,337]",N95
kb49m,"[40,300,382,512]",cloth
2ljw3,"[211,241,484,446]",cloth
e4hs9,"[80,314,369,512]",KN95
hmlio,"[34,83,288,282]",surgical
06bqw,"[36,375,235,506]",KN95
eodp3,"[156,403,418,512]",cloth
qrxe5,"[0,124,284,380]",surgical
veiwi,"[221,216,477,417]",surgical
hc1xv,"[141,187,384,385]",surgical
0gwux,"[26,130,268,346]",cloth
7jsem,"[336,192,505,346]",surgical
a6y8u,"[150,320,452,512]",KN95
n1ept,"[147,229,424,500]",cloth
txywh,"[188,212,485,470]",N95
x99cn,"[102,366,267,511]",N95
rd903,"[143,325,333,511]",N95
mhvmn,"[241,265,494,472]",KN95
27e5g,"[74,270,314,481]",surgical
8up5l,"[114,220,354,418]",surgical
aczl2,"[143,264,342,472]",N95
h2gvh,"[236,306,476,504]",surgical
5nhht,"[15,191,306,399]",surgical
dtame,"[152,237,347,447]",N95
iom2d,"[181,293,435,511]",KN95
r6tdx,"[225,169,496,403]",surgical
0w0vc,"[169,246,408,491]",N95
fa7qa,"[31,300,294,507]",surgical
9nwhh,"[104,334,287,512]",N95
vlalh,"[240,236,512,462]",KN95
bbgtr,"[213,303,478,456]",KN95
iwi89,"[37,260,232,444]",N95
rcktu,"[182,251,381,475]",N95
4tlr6,"[294,179,485,386]",N95
lqy9q,"[208,314,366,496]",N95
4qq77,"[234,258,488,463]",KN95
o22c3,"[181,197,460,372]",cloth
vkrcb,"[56,259,352,450]",cloth
slwzi,"[63,259,354,466]",cloth
0ujmf,"[28,272,291,476]",surgical
vh7fr,"[90,247,329,438]",surgical
bhhye,"[155,446,360,512]",N95
yrqu6,"[90,258,377,436]",KN95
827zk,"[151,265,405,456]",surgical
kcm7j,"[130,330,388,512]",cloth
2767f,"[39,258,236,468]",N95
aim29,"[143,144,416,347]",cloth
gruy4,"[168,248,421,401]",cloth
6m6hy,"[24,362,346,512]",cloth
bnd8l,"[144,362,432,512]",cloth
hb4y2,"[293,246,511,437]",KN95
xt9q1,"[182,198,488,446]",KN95
w7yk6,"[80,107,371,344]",N95
d6u46,"[47,283,282,476]",surgical
vc1pl,"[220,105,451,275]",cloth
5pacp,"[75,362,287,512]",N95
zyptm,"[128,274,340,482]",N95
9f0rp,"[160,297,483,500]",KN95
b9be2,"[117,317,312,500]",N95
otj0i,"[44,136,304,341]",surgical
9yn9t,"[119,276,322,452]",N95
ducyg,"[70,279,281,493]",N95
2ueuv,"[79,226,373,433]",KN95
n6swz,"[167,280,407,468]",surgical
8bxpk,"[140,355,404,512]",cloth
dm60c,"[109,172,395,415]",KN95
eqoaz,"[159,260,429,462]",surgical
3a9cb,"[0,309,282,511]",surgical
pugqo,"[125,224,352,417]",N95
881e6,"[95,320,337,504]",surgical
u6whp,"[97,332,382,511]",KN95
xi9df,"[167,92,465,300]",cloth
sb1i7,"[122,226,394,417]",cloth
4p2ce,"[0,287,231,473]",KN95
5avyk,"[196,234,453,409]",cloth
zkhpe,"[248,280,512,497]",cloth
gwwks,"[180,253,462,440]",cloth
1shbv,"[112,186,392,395]",cloth
7ygi5,"[91,236,317,394]",surgical
aqxpi,"[108,348,351,512]",KN95
400s7,"[83,265,352,436]",KN95
t9kk0,"[111,287,400,495]",cloth
45n1s,"[196,293,474,461]",cloth
k33hw,"[136,342,389,508]",surgical
5knfa,"[18,321,283,503]",cloth
gkmgm,"[30,270,348,488]",KN95
jmoks,"[61,288,316,493]",surgical
c9kyt,"[145,298,439,489]",cloth
y3t7z,"[57,276,331,484]",surgical
8wq9w,"[119,199,414,397]",KN95
u2mps,"[266,366,512,512]",KN95
n877g,"[137,260,356,483]",N95
1l0s9,"[105,309,364,496]",surgical
8mmnu,"[219,180,425,402]",N95
scarx,"[114,255,420,454]",cloth
g7b2z,"[72,163,255,355]",N95
j3btn,"[163,371,352,512]",N95
1ajx6,"[192,160,505,442]",KN95
bgjlq,"[219,240,467,427]",cloth
m6gcv,"[161,89,430,328]",KN95
u3d1n,"[140,230,416,448]",surgical
518wm,"[159,301,431,484]",cloth
t5kn0,"[144,151,389,367]",surgical
ono64,"[334,256,511,412]",surgical
qqx5j,"[136,369,434,512]",KN95
dv7i7,"[133,318,424,511]",KN95
33fr4,"[117,138,350,316]",surgical
gn98v,"[0,199,213,398]",N95
xqrjy,"[134,208,428,394]",cloth
czaqy,"[162,257,433,464]",KN95
tr03g,"[135,157,443,347]",KN95
1b41d,"[197,167,452,360]",surgical
3bfk2,"[227,271,451,463]",N95
tlouu,"[53,229,367,494]",surgical
aei48,"[154,214,391,446]",N95
613qq,"[182,256,475,484]",KN95
9jzxx,"[0,231,280,451]",KN95
fkarh,"[252,256,458,461]",N95
7osts,"[233,346,498,512]",surgical
h49rj,"[295,165,512,365]",cloth
mtfiw,"[161,269,417,452]",surgical
64bvo,"[221,376,511,512]",KN95
bdx4r,"[30,194,271,374]",surgical
ke11k,"[21,186,335,458]",surgical
v19ox,"[21,133,259,348]",surgical
ifacc,"[209,192,384,400]",KN95
axgt7,"[0,98,211,292]",cloth
b4pt5,"[39,180,339,365]",surgical
6kf40,"[81,382,340,511]",cloth
76k07,"[0,285,248,507]",cloth
zj95j,"[85,179,365,386]",surgical
xs49y,"[203,161,434,311]",cloth
gkxa9,"[221,235,507,429]",cloth
qaxdv,"[318,316,511,491]",cloth
ph2lw,"[155,278,363,472]",N95
hridg,"[0,272,186,449]",KN95
skwp3,"[171,202,424,404]",cloth
4bab4,"[187,315,479,506]",KN95
gfoze,"[0,267,256,481]",KN95
rmt0n,"[4,248,292,442]",KN95
w4lfz,"[168,177,438,403]",KN95
yu3q2,"[220,288,467,512]",cloth
11mo2,"[268,385,512,512]",cloth
a80qk,"[108,127,394,344]",cloth
5918t,"[0,222,200,397]",surgical
gkn1z,"[45,300,269,510]",N95
ph2ij,"[172,199,378,410]",N95
4qtjx,"[96,317,320,509]",surgical
zxuqg,"[120,224,321,425]",N95
tkx4t,"[198,199,484,399]",cloth
iigih,"[167,217,447,436]",surgical
0xtci,"[232,311,490,492]",cloth
qv69m,"[238,131,495,348]",surgical
uvly6,"[197,287,488,510]",surgical
unhln,"[131,263,384,424]",KN95
glqk1,"[244,229,414,456]",N95
ufvwz,"[64,325,393,511]",cloth
49ouk,"[72,339,361,512]",cloth
xaktu,"[252,250,511,460]",surgical
pj1p3,"[192,116,459,295]",cloth
plm3v,"[0,339,257,512]",cloth
i30la,"[80,227,381,446]",surgical
pfmmw,"[171,301,425,487]",KN95
hoyip,"[220,266,511,512]",surgical
wh2ji,"[101,281,272,476]",N95
0agdp,"[224,423,475,512]",surgical
5pk38,"[0,312,218,512]",N95
fgknl,"[117,303,389,507]",N95
7kogt,"[0,262,222,459]",cloth
1dz9z,"[17,265,200,440]",N95
jjmbk,"[170,227,419,437]",surgical
9jtvx,"[114,262,298,463]",N95
xtjrf,"[0,169,259,360]",KN95
uj6aa,"[194,170,481,363]",cloth
b6dnl,"[84,194,305,388]",N95
6agwe,"[73,278,361,485]",KN95
7vwad,"[126,193,368,416]",surgical
jdlva,"[121,290,376,473]",cloth
3mown,"[23,284,294,490]",N95
tdn8t,"[245,215,511,435]",cloth
vepk7,"[82,309,335,512]",cloth
c7l79,"[15,110,301,397]",KN95
rgiwt,"[74,268,362,461]",cloth
zu43s,"[140,179,429,361]",cloth
85xho,"[13,215,279,399]",KN95
adbw8,"[216,150,414,348]",N95
tvu1j,"[0,290,248,466]",cloth
ihiwi,"[188,321,490,512]",KN95
hm3nl,"[267,176,461,403]",N95
3aw2i,"[144,324,386,501]",surgical
jlb6y,"[71,203,325,369]",KN95
l2jtm,"[130,229,319,420]",N95
j0bld,"[139,391,415,512]",cloth
gf25v,"[145,264,391,434]",surgical
7m5jv,"[28,353,323,512]",KN95
a08cc,"[1,304,235,504]",surgical
w6gog,"[70,245,319,405]",cloth
atfmf,"[0,289,179,475]",surgical
j4fbl,"[156,376,421,512]",cloth
m5269,"[0,279,257,468]",cloth
26tlk,"[216,282,454,503]",surgical
1givu,"[247,238,512,470]",surgical
32ye9,"[128,213,399,428]",KN95
nfm2w,"[158,110,414,301]",cloth
lpeuf,"[128,207,363,350]",cloth
ikgym,"[208,353,400,512]",N95
5eh3q,"[177,83,468,317]",KN95
hypgz,"[177,207,425,392]",surgical
on3xp,"[149,133,435,319]",KN95
220ut,"[152,355,400,512]",surgical
h7y8l,"[36,289,316,503]",KN95
vo8n2,"[180,218,442,436]",surgical
vk4t0,"[180,302,475,511]",KN95
k7dx0,"[253,316,479,479]",surgical
ggpnf,"[125,378,380,512]",surgical
78je0,"[72,76,329,271]",surgical
hxvsd,"[98,214,267,413]",N95
f526c,"[104,248,318,448]",N95
h6tjr,"[72,145,361,336]",cloth
17mc4,"[138,278,452,480]",KN95
x6s8y,"[68,202,303,377]",surgical
2krlb,"[47,205,236,397]",N95
zz2xv,"[0,221,315,475]",KN95
wj91i,"[14,296,276,505]",surgical
wlcl2,"[50,191,267,414]",N95
06ffd,"[160,295,440,511]",surgical
dsc98,"[139,248,440,472]",cloth
zb5xj,"[91,142,422,360]",cloth
162d7,"[0,247,232,424]",N95
m0avh,"[173,147,352,356]",N95
f10nh,"[9,121,280,337]",cloth
33mfk,"[122,288,446,490]",KN95
yas54,"[150,256,450,493]",surgical
29424,"[61,265,295,500]",N95
zybue,"[213,371,477,512]",surgical
hwgir,"[141,273,446,475]",cloth
1r834,"[197,189,512,445]",KN95
5hrim,"[164,296,447,512]",cloth
gomnt,"[90,266,393,497]",surgical
xy0yv,"[119,211,282,386]",N95
1fnd7,"[42,245,204,415]",N95
bq962,"[60,166,387,444]",KN95
cxuqo,"[151,223,421,402]",cloth
byjxb,"[235,177,505,400]",surgical
jz69f,"[204,205,485,384]",KN95
83y6p,"[92,172,388,392]",KN95
hdrdp,"[219,417,464,512]",surgical
hpyam,"[100,293,386,477]",cloth
hepz3,"[155,304,335,497]",N95
6874w,"[51,266,295,458]",surgical
cldmt,"[15,227,164,401]",N95
vk8f1,"[79,279,361,508]",surgical
pfq84,"[166,272,370,488]",N95
jiohy,"[136,382,434,512]",cloth
y7dyj,"[0,392,227,512]",cloth
jey9j,"[41,216,321,424]",surgical
op9u5,"[261,257,512,497]",KN95
wj9zt,"[151,304,432,506]",KN95
paz8v,"[248,205,512,381]",cloth
jyibe,"[128,290,358,504]",N95
wwoo3,"[84,215,420,490]",KN95
zlumk,"[103,284,376,487]",cloth
a82xt,"[143,173,441,372]",KN95
5qv4w,"[227,269,439,462]",cloth
ktd56,"[44,323,369,512]",KN95
56c8n,"[134,109,421,320]",cloth
5k3m9,"[120,221,425,480]",surgical
95hwm,"[298,220,496,437]",N95
dukmc,"[66,143,383,425]",KN95
8i1c6,"[0,357,243,511]",cloth
u11j8,"[189,364,428,512]",surgical
k4bad,"[84,144,109,171]",KN95
kqnjr,"[98,284,367,476]",cloth
9raa8,"[76,237,310,430]",surgical
m4uv9,"[266,199,512,401]",cloth
o5uhc,"[162,180,420,356]",KN95
nqz0t,"[232,270,510,486]",cloth
cxb0r,"[0,224,208,473]",N95
vocok,"[166,295,414,511]",surgical
1w5p8,"[64,327,269,512]",N95
fy0vy,"[228,240,396,433]",N95
kz29t,"[305,387,512,512]",surgical
j52ab,"[153,152,431,354]",surgical
k719i,"[168,435,414,512]",KN95
di8kb,"[173,320,453,512]",cloth
6ykk9,"[167,230,410,412]",surgical
cw5j4,"[164,243,356,405]",N95
iq73c,"[191,261,427,469]",N95
upt4f,"[109,410,372,512]",KN95
wnlyj,"[176,163,347,325]",N95
5x8lk,"[116,204,362,402]",cloth
f7q15,"[52,444,306,511]",KN95
xtcw0,"[0,188,247,398]",cloth
dut34,"[105,291,344,462]",surgical
b3yrs,"[279,359,512,512]",KN95
1k2gw,"[0,305,232,497]",cloth
gyymy,"[65,231,355,454]",N95
g9l5k,"[124,58,421,320]",KN95
6pos9,"[131,216,379,358]",KN95
um9q0,"[108,135,378,336]",KN95
llbux,"[337,190,512,375]",N95
4usj3,"[7,396,234,512]",KN95
r4nki,"[112,147,401,364]",KN95
0ojm4,"[223,321,510,512]",KN95
wzta9,"[124,296,416,507]",KN95
biw1p,"[189,195,415,391]",surgical
4th97,"[153,330,467,512]",KN95
adde0,"[157,194,408,392]",surgical
2getc,"[285,298,470,503]",N95
7tn7o,"[109,325,438,512]",KN95
tha5m,"[199,310,438,456]",KN95
53s8t,"[43,241,376,489]",KN95
hkrvh,"[142,311,344,481]",surgical
u9a2g,"[72,288,336,512]",KN95
rnwz4,"[31,339,309,512]",KN95
vmlpr,"[302,224,511,424]",cloth
v9jbj,"[0,272,247,460]",cloth
r7fkf,"[155,320,425,512]",N95
jwkyk,"[149,167,438,422]",KN95
sipjp,"[77,341,374,512]",cloth
ye6fh,"[219,318,444,492]",surgical
lwhmt,"[247,69,512,284]",KN95
0n4ni,"[297,187,490,363]",N95
5vc8w,"[30,157,336,352]",cloth
kv1zf,"[173,387,432,512]",surgical
h0b7j,"[62,149,336,399]",cloth
aozij,"[11,312,312,512]",cloth
dg9xx,"[250,174,496,366]",surgical
gp7ad,"[214,192,461,418]",KN95
j0xaa,"[180,293,473,501]",cloth
ddln4,"[148,237,446,441]",KN95
volyx,"[251,222,511,442]",surgical
rrd0z,"[112,240,386,424]",KN95
evsbz,"[211,389,488,512]",KN95
k3eh6,"[35,112,288,303]",cloth
ywv19,"[105,208,339,478]",cloth
icg9s,"[202,268,512,497]",KN95
gqdtb,"[88,311,335,510]",surgical
zs5az,"[215,111,438,322]",N95
3p1uk,"[131,268,336,471]",N95
spr46,"[217,218,492,407]",surgical
v3j3b,"[172,222,468,432]",KN95
8im29,"[108,85,413,279]",KN95
89te5,"[131,176,400,385]",cloth
2lptl,"[82,298,335,481]",surgical
5rnps,"[172,186,413,401]",surgical
vkf4w,"[173,103,420,298]",surgical
qxchs,"[0,300,266,506]",KN95
wzo4u,"[99,205,301,431]",N95
lkild,"[4,303,225,503]",surgical
wbug9,"[92,256,380,492]",KN95
fu0lz,"[176,210,426,410]",surgical
o5c38,"[121,202,436,441]",KN95
9g7iw,"[152,203,412,392]",KN95
m6p5x,"[111,268,274,461]",N95
tahgn,"[214,237,484,404]",cloth
iaxwc,"[341,212,512,384]",cloth
58eyd,"[241,291,512,471]",KN95
luidm,"[0,117,288,335]",KN95
3zz8y,"[160,204,405,373]",cloth
wk3e7,"[80,362,440,512]",KN95
vrrbr,"[124,99,420,325]",KN95
eczj6,"[217,191,460,386]",surgical
c14sf,"[73,274,337,490]",surgical
aikqc,"[96,184,400,389]",cloth
hgvzw,"[185,341,502,512]",KN95
533lk,"[54,258,229,475]",N95
n8s9u,"[42,237,311,395]",KN95
514e0,"[121,278,399,446]",cloth
cvzat,"[52,205,365,464]",KN95
g3g05,"[91,273,352,512]",KN95
i75qo,"[184,161,392,369]",N95
rlkuc,"[199,107,490,305]",cloth
6ef6q,"[164,339,457,512]",KN95
74sab,"[170,168,370,388]",N95
7a9r8,"[149,262,413,453]",surgical
sgiep,"[83,263,270,454]",N95
i108s,"[106,235,433,459]",KN95
60r3g,"[203,226,502,443]",cloth
xc8lp,"[94,163,369,366]",KN95
vexsi,"[224,152,454,319]",KN95
annkz,"[94,171,368,387]",N95
cjmfq,"[149,144,407,360]",surgical
fs639,"[76,341,277,511]",N95
c0nmw,"[8,120,272,305]",surgical
sbj1l,"[38,206,318,437]",N95
xigdz,"[148,205,413,424]",N95
y45r1,"[280,118,475,351]",N95
o4zc4,"[3,222,249,410]",surgical
1jsyg,"[108,401,324,512]",KN95
fuy2p,"[224,282,486,487]",surgical
7943g,"[198,308,478,499]",cloth
2fbg5,"[176,336,426,512]",surgical
su4rb,"[72,220,297,418]",N95
rgfzh,"[0,339,232,508]",surgical
muntl,"[17,264,295,463]",surgical
goraz,"[106,252,361,439]",surgical
ng6p1,"[280,407,508,512]",surgical
pi9jx,"[184,213,432,389]",cloth
uc1z2,"[124,177,356,386]",N95
bwpz2,"[0,359,254,511]",surgical
ejoq2,"[189,200,350,387]",N95
vn5id,"[280,325,457,510]",N95
ux7up,"[39,124,317,308]",KN95
glmm5,"[28,321,220,506]",N95
8h34x,"[78,265,380,465]",KN95
l6gfu,"[176,104,472,335]",surgical
84y55,"[128,237,427,494]",KN95
z997s,"[65,184,332,354]",cloth
j5l8f,"[96,330,349,512]",KN95
pv3qe,"[45,196,304,378]",surgical
6ry1l,"[224,373,511,511]",cloth
7b7li,"[122,245,472,488]",KN95
m3jm4,"[43,106,355,331]",KN95
59ss5,"[83,211,368,425]",surgical
8h6gt,"[23,170,285,346]",cloth
3uf2r,"[151,297,384,488]",KN95
ywcu3,"[28,259,260,421]",surgical
27t11,"[82,284,336,458]",cloth
9nzwz,"[175,337,391,512]",N95
erlmi,"[156,291,424,478]",cloth
p50al,"[146,291,370,498]",N95
ptf8r,"[145,199,404,406]",cloth
ygeog,"[233,337,416,512]",N95
rgqdf,"[171,312,489,512]",KN95
4e2a8,"[30,224,316,475]",KN95
poqps,"[158,152,435,450]",KN95
zy8u2,"[43,305,330,512]",cloth
svj9v,"[193,160,458,357]",surgical
yz4d7,"[216,252,478,419]",cloth
wwesn,"[159,228,437,443]",cloth
v0knd,"[172,288,450,472]",cloth
4pueb,"[266,283,512,483]",surgical
g78gg,"[109,212,352,400]",surgical
d7lcc,"[194,131,472,384]",KN95
wkdzu,"[8,257,306,453]",KN95
1c1t1,"[129,311,366,503]",surgical
nz8vw,"[17,189,248,379]",surgical
wm6om,"[91,318,372,501]",cloth
8m7xu,"[176,371,403,512]",surgical
e8x0f,"[137,344,360,512]",N95
e9pqj,"[31,401,297,512]",KN95
fqvb2,"[158,248,325,417]",N95
hvt8x,"[180,177,460,442]",surgical
a0zf6,"[96,228,338,405]",surgical
3xti3,"[74,348,393,511]",cloth
yf7d7,"[39,303,344,500]",KN95
xnry0,"[26,222,194,382]",N95
afn8f,"[42,222,311,412]",cloth
fprb7,"[53,205,358,475]",N95
nki6h,"[39,348,326,512]",cloth
k3r2n,"[81,292,350,457]",cloth
ifl6t,"[241,267,506,456]",surgical
tpora,"[196,265,470,470]",cloth
ntjnc,"[124,42,380,290]",KN95
atdlf,"[45,147,313,334]",cloth
5ywn0,"[123,231,360,461]",surgical
5xacj,"[142,100,372,324]",N95
nygwc,"[72,256,348,449]",KN95
njxyy,"[128,109,354,264]",surgical
bn71w,"[51,231,306,424]",cloth
zt3oj,"[0,102,181,311]",surgical
heict,"[156,344,482,512]",KN95
c7cmk,"[87,227,321,400]",cloth
ituop,"[223,330,409,512]",N95
0de94,"[238,167,478,348]",cloth
c14p8,"[118,286,376,509]",surgical
math9,"[0,327,268,502]",KN95
gv89m,"[162,282,367,490]",N95
kbaxc,"[174,252,413,435]",surgical
k9b5n,"[24,150,206,318]",N95
5zb27,"[202,252,474,458]",KN95
pr6d6,"[145,115,428,376]",KN95
tzimt,"[243,216,453,423]",N95
067bf,"[125,241,412,436]",cloth
5k2gf,"[180,264,457,424]",cloth
sa6sy,"[108,140,394,369]",surgical
tm3c9,"[307,136,512,339]",KN95
976l8,"[168,80,432,276]",surgical
urwwa,"[90,266,266,432]",N95
z7i01,"[144,157,328,368]",N95
7432n,"[81,353,372,512]",KN95
q3iod,"[190,239,471,360]",KN95
u0u4i,"[204,127,447,341]",surgical
kkfv3,"[322,165,511,336]",N95
omsfs,"[96,200,344,436]",surgical
sr6ci,"[32,212,204,397]",N95
74ux9,"[136,187,360,381]",N95
ckzlg,"[112,228,324,432]",N95
6kwep,"[77,197,313,400]",cloth
wq0kk,"[0,143,250,360]",KN95
8v0x7,"[118,221,374,431]",N95
67wk5,"[189,228,383,420]",N95
2e5xs,"[35,256,340,472]",KN95
rjgps,"[142,362,407,512]",KN95
l7dg8,"[131,214,408,372]",cloth
zjtqc,"[168,159,370,365]",N95
g5k49,"[17,264,297,495]",KN95
ylwrj,"[99,210,363,427]",surgical
wnn4e,"[70,301,274,500]",N95
l6rqu,"[107,309,344,479]",surgical
fp1zn,"[182,276,366,465]",N95
4fjmg,"[41,378,296,512]",cloth
7whis,"[83,135,403,405]",KN95
ufpwr,"[148,132,321,333]",N95
wbx3c,"[180,323,363,512]",N95
oda5b,"[87,84,349,315]",KN95
fskjp,"[127,253,422,485]",N95
l211c,"[404,381,428,394]",cloth
l5h6z,"[134,290,395,504]",surgical
mxiz6,"[243,221,496,429]",surgical
3g8u9,"[98,248,329,432]",surgical
er0e2,"[64,237,296,459]",N95
5nmon,"[36,173,284,324]",surgical
tqvzu,"[210,412,480,512]",N95
ycu7q,"[218,281,449,461]",surgical
4zc9j,"[119,254,355,467]",surgical
hhit8,"[163,297,398,464]",cloth
mbef8,"[236,290,511,499]",cloth
gjd0k,"[100,221,376,414]",surgical
r5im9,"[43,289,323,490]",KN95
dklwz,"[88,178,360,404]",N95
rsn1y,"[37,148,284,326]",surgical
cwl77,"[258,334,440,512]",N95
9uceo,"[0,268,225,492]",KN95
e98gv,"[143,398,361,511]",KN95
inokk,"[309,212,512,401]",KN95
glrhn,"[0,294,244,457]",KN95
iowzo,"[116,325,381,511]",KN95
xt6zy,"[62,319,302,491]",surgical
7d76b,"[204,261,458,487]",surgical
68a7w,"[185,225,459,436]",surgical
dfl5k,"[93,200,347,432]",surgical
ecr3o,"[78,177,316,341]",KN95
i9pwr,"[241,187,512,403]",KN95
zyo7h,"[14,398,197,511]",N95
rxaiw,"[84,276,328,460]",cloth
jazu7,"[95,357,380,512]",cloth
snkwy,"[234,98,476,297]",surgical
xynx4,"[156,230,430,416]",cloth
jo7jh,"[85,362,318,512]",surgical
i6zyf,"[185,309,464,512]",cloth
z5cw1,"[46,147,312,329]",cloth
2zra6,"[172,252,438,448]",KN95
7syvd,"[95,357,354,512]",cloth
ujhk7,"[106,164,312,367]",N95
mru6u,"[280,144,459,339]",N95
m7sep,"[210,256,468,452]",N95
xizt6,"[200,183,451,360]",cloth
l1h4z,"[217,181,488,344]",N95
1tg36,"[139,147,354,360]",N95
2xxe7,"[244,253,432,444]",N95
o50fj,"[170,264,439,469]",cloth
sbfus,"[0,298,275,505]",surgical
s2ky0,"[166,232,384,420]",surgical
4uee5,"[167,203,415,412]",surgical
czl24,"[192,341,445,512]",surgical
1q6eb,"[245,168,419,386]",N95
s42qp,"[211,152,512,420]",cloth
fqhdc,"[141,357,398,512]",KN95
v7q1c,"[192,167,449,312]",surgical
brsb4,"[180,32,448,307]",N95
1lgi8,"[74,355,380,512]",KN95
jnd9c,"[88,334,342,510]",surgical
3p9ky,"[0,376,266,512]",cloth
mhphh,"[279,233,512,492]",N95
1oshk,"[152,414,338,511]",N95
adnud,"[218,324,457,493]",cloth
u85yw,"[148,369,407,512]",surgical
cn79t,"[227,298,416,512]",N95
ev48e,"[168,350,443,511]",KN95
r15jt,"[142,145,440,350]",cloth
a4dr0,"[188,302,455,512]",cloth
k6cew,"[162,131,384,361]",N95
cpvd1,"[48,193,297,370]",KN95
ecej8,"[0,403,213,512]",KN95
k83q0,"[111,316,392,511]",KN95
6b25x,"[255,296,460,510]",N95
6mq6q,"[210,165,415,360]",N95
14b8f,"[0,108,291,327]",surgical
i0m19,"[229,180,509,333]",cloth
m15r8,"[192,218,413,433]",N95
xw9k6,"[175,177,453,388]",KN95
xtfu3,"[48,330,251,512]",cloth
z88kn,"[23,204,300,380]",cloth
fo2gp,"[62,336,335,512]",cloth
6dk55,"[227,332,425,508]",N95
qiyb0,"[305,264,512,475]",N95
049jc,"[222,271,512,476]",KN95
59bdl,"[290,231,476,421]",N95
yvijy,"[88,284,370,494]",KN95
sinv9,"[159,299,464,483]",cloth
f9ort,"[126,309,333,508]",N95
q4xya,"[153,269,369,493]",N95
0wug3,"[0,211,232,378]",surgical
80swg,"[231,159,476,341]",surgical
jgjd4,"[34,307,243,510]",N95
8f2id,"[167,150,455,432]",KN95
j36sg,"[123,360,395,512]",cloth
hwheb,"[249,312,457,512]",N95
86z2p,"[144,251,392,402]",cloth
zv10p,"[135,124,462,376]",KN95
rv7tp,"[138,49,315,226]",N95
585th,"[232,396,473,512]",surgical
oqee6,"[32,351,290,510]",cloth
8a2id,"[9,236,271,434]",N95
fzhx4,"[176,201,393,387]",surgical
ymcop,"[57,289,394,512]",KN95
07jnw,"[328,119,512,290]",surgical
lbcce,"[144,253,403,440]",cloth
nhah5,"[273,248,512,441]",surgical
7mwra,"[227,260,512,475]",KN95
j802a,"[65,208,372,488]",KN95
ot83o,"[118,348,372,512]",surgical
8uyzy,"[94,227,326,369]",cloth
y4qnj,"[128,362,373,512]",KN95
07kld,"[14,341,312,512]",KN95
9zij7,"[84,194,366,387]",cloth
qrhno,"[176,232,401,427]",surgical
q4y02,"[124,180,294,388]",N95
vnwrh,"[147,218,384,411]",surgical
d4idy,"[126,247,415,477]",cloth
mf0zg,"[123,251,346,460]",N95
6kbn2,"[142,269,336,487]",N95
mge3u,"[136,232,418,427]",KN95
9cncm,"[0,288,291,497]",KN95
tra5c,"[0,168,280,339]",cloth
u3gkb,"[320,239,512,430]",surgical
snvni,"[137,250,447,512]",surgical
s268x,"[121,230,431,436]",cloth
6zpuc,"[147,187,416,411]",surgical
z0fvf,"[105,311,370,490]",surgical
9p0z4,"[261,261,512,511]",surgical
1io7z,"[138,181,464,436]",KN95
mvczy,"[0,246,248,443]",KN95
ipm1i,"[142,348,385,512]",surgical
xsel4,"[0,295,259,510]",surgical
gawbu,"[195,394,433,512]",surgical
kbxpv,"[105,144,394,351]",cloth
6zzfg,"[229,299,400,480]",N95
6feav,"[133,259,403,451]",KN95
fense,"[272,369,512,512]",cloth
mvu38,"[195,157,432,383]",N95
k9i7k,"[111,253,397,443]",cloth
uhsk0,"[89,226,336,408]",cloth
mpu4l,"[86,300,285,511]",N95
thfiq,"[99,48,396,269]",cloth
9ov2r,"[221,316,405,512]",N95
dva4g,"[93,164,326,326]",surgical
euedx,"[104,138,315,336]",N95
obxxt,"[0,220,277,409]",KN95
np8he,"[172,247,404,432]",KN95
vy6ig,"[156,485,444,512]",KN95
09rd5,"[71,187,364,361]",KN95
6lywx,"[142,176,380,380]",surgical
l9sb6,"[100,242,295,472]",N95
14z40,"[141,387,428,512]",surgical
45fso,"[208,258,490,511]",KN95
zgzq4,"[73,170,328,380]",surgical
fywva,"[0,91,236,331]",N95
lhre8,"[26,334,337,511]",surgical
cn731,"[43,198,346,391]",surgical
pez0g,"[151,118,403,327]",surgical
4v7lh,"[170,236,432,398]",cloth
gqt74,"[235,168,443,363]",N95
ifdrn,"[147,273,427,505]",KN95
h3jlo,"[85,289,355,456]",KN95
n4ida,"[217,238,488,456]",KN95
1xub9,"[0,260,261,450]",cloth
mu2fh,"[182,279,425,484]",surgical
m83r1,"[101,182,396,373]",N95
iwdii,"[63,212,320,376]",cloth
lb6z5,"[83,369,376,512]",cloth
6pqzq,"[146,389,399,512]",surgical
86cht,"[76,228,308,411]",surgical
hd2a0,"[72,262,368,463]",KN95
b4py0,"[52,341,324,509]",KN95
f4tjf,"[0,220,296,410]",KN95
b8fg4,"[62,126,366,336]",cloth
pmprq,"[196,298,510,512]",KN95
5rr27,"[226,231,465,415]",surgical
2jydi,"[169,366,428,512]",KN95
kmpns,"[137,274,403,468]",surgical
nfoaq,"[28,460,307,512]",KN95
b0q5p,"[246,275,500,458]",KN95
rlfr0,"[387,114,512,273]",N95
ks4p2,"[86,225,276,425]",N95
ikyan,"[46,275,300,462]",surgical
vh82v,"[80,179,368,449]",KN95
dbvj3,"[75,257,275,465]",N95
2hf65,"[0,285,243,471]",cloth
dyyxq,"[370,279,497,455]",N95
faniy,"[218,246,476,436]",cloth
5592q,"[163,128,460,394]",KN95
qz1kz,"[129,287,376,495]",surgical
ml7ek,"[0,139,211,348]",KN95
8ve7i,"[288,271,465,461]",N95
5ww14,"[114,294,390,498]",surgical
7ztuk,"[26,268,300,490]",surgical
e99b1,"[107,243,370,462]",surgical
0wluz,"[0,300,277,492]",cloth
vt033,"[54,291,319,483]",cloth
nbxq5,"[172,203,428,397]",surgical
f3im7,"[237,260,445,452]",N95
aknqh,"[31,332,257,508]",surgical
ed642,"[240,292,433,484]",N95
xm2o1,"[240,274,456,476]",N95
y8od4,"[299,311,495,509]",N95
ox4ta,"[153,249,380,402]",cloth
kxyio,"[127,355,409,512]",surgical
p8mj2,"[40,272,313,457]",KN95
k7nik,"[166,268,427,479]",cloth
ixily,"[200,318,436,508]",surgical
j072l,"[80,316,329,487]",cloth
2h79h,"[0,368,183,512]",KN95
gd2oe,"[54,346,365,512]",cloth
q8akw,"[232,337,472,503]",cloth
6jbk3,"[41,288,336,467]",KN95
ay0w5,"[248,246,512,460]",KN95
sudje,"[52,248,264,448]",N95
uj876,"[27,182,314,352]",KN95
8owwe,"[95,227,349,391]",surgical
vtb0t,"[167,357,372,512]",N95
dx3gs,"[155,237,413,463]",surgical
dkdj2,"[173,293,423,487]",KN95
vy5bg,"[210,321,468,490]",cloth
ezqii,"[174,177,465,359]",cloth
9imen,"[142,412,328,512]",N95
pcve4,"[123,300,418,493]",KN95
vpb4p,"[118,223,408,424]",cloth
37e1b,"[80,184,377,407]",KN95
vqdok,"[103,250,358,407]",cloth
86pg5,"[108,341,315,511]",N95
vj8tb,"[72,246,338,431]",KN95
n4nz1,"[245,353,438,512]",N95
wju3k,"[100,256,340,465]",surgical
7uk7o,"[1,102,169,302]",N95
tygfz,"[246,306,446,500]",N95
oaf39,"[253,173,496,363]",surgical
c90ny,"[65,292,320,489]",surgical
9636v,"[139,220,399,415]",KN95
bexsn,"[199,293,509,512]",KN95
v5mb2,"[131,285,394,507]",cloth
hdoca,"[220,339,472,512]",surgical
c9kbq,"[255,298,505,503]",surgical
5ax3o,"[224,398,512,512]",cloth
tz0km,"[187,143,428,338]",surgical
y51rg,"[87,265,341,457]",surgical
zknvu,"[146,316,417,511]",cloth
hr6aa,"[129,180,362,381]",N95
rr1bm,"[275,325,474,511]",N95
cdr44,"[100,314,367,487]",cloth
da2uu,"[76,223,405,499]",KN95
dl6hj,"[184,248,432,465]",surgical
a46vg,"[23,250,289,459]",KN95
q5s5i,"[64,316,301,511]",KN95
70m1n,"[149,193,350,411]",N95
qlkhm,"[24,107,346,317]",N95
7e4an,"[176,247,468,454]",KN95
r9wqw,"[58,297,324,475]",cloth
567pr,"[133,242,381,479]",surgical
isyz5,"[124,289,318,503]",N95
vjxzu,"[17,280,267,458]",cloth
93wce,"[202,0,497,277]",surgical
eyyrt,"[185,235,472,424]",cloth
ob6wy,"[225,297,512,491]",cloth
ipnas,"[0,183,302,385]",cloth
3nuoq,"[150,327,452,512]",KN95
5who0,"[76,268,421,469]",cloth
f2j3a,"[32,308,316,478]",cloth
zs8wf,"[23,241,327,512]",N95
a0ia9,"[31,121,320,344]",surgical
d392l,"[233,68,504,266]",cloth
x8z6w,"[193,263,400,454]",N95
oan31,"[52,144,307,354]",cloth
5uip7,"[78,202,374,433]",N95
63yx2,"[26,219,279,431]",cloth
1h7tu,"[187,346,463,512]",KN95
d6ln3,"[0,195,186,366]",cloth
qr0m5,"[116,309,434,512]",KN95
u6vdf,"[110,350,348,497]",cloth
d0kyy,"[104,118,304,285]",N95
tahac,"[196,416,422,512]",surgical
8lqc4,"[91,195,292,359]",surgical
xe8bt,"[110,243,351,433]",surgical
1ej74,"[215,410,413,512]",N95
l2k7u,"[168,255,424,455]",KN95
rqi28,"[175,107,415,284]",KN95
ox53r,"[227,255,435,459]",N95
forx3,"[265,236,449,453]",N95
k6tff,"[192,282,477,460]",cloth
ummgu,"[111,401,342,512]",surgical
6ya12,"[190,278,481,510]",surgical
cbxez,"[77,295,327,444]",cloth
dvsui,"[55,305,275,512]",cloth
2afbe,"[32,309,301,512]",N95
xi350,"[110,198,374,366]",KN95
t9xf4,"[6,309,185,509]",N95
9ng0a,"[143,417,370,512]",surgical
cnod5,"[130,235,298,396]",N95
h0bm2,"[144,300,394,472]",KN95
d9dpe,"[206,157,446,350]",surgical
w5h5f,"[127,136,409,351]",KN95
eivrt,"[68,229,322,444]",cloth
p2cyp,"[236,260,419,433]",N95
3t4mx,"[37,232,348,450]",cloth
mn2qg,"[7,238,255,444]",cloth
pc8xo,"[56,332,411,511]",KN95
h01q5,"[142,211,389,403]",cloth
gwrnc,"[91,373,270,512]",N95
cmzpf,"[220,195,478,478]",N95
jpcuq,"[115,221,412,464]",KN95
3dzre,"[230,272,477,460]",surgical
blaqi,"[172,287,404,470]",surgical
jlft1,"[73,238,377,468]",cloth
6nri1,"[34,223,331,427]",KN95
zzb08,"[221,94,428,293]",N95
ts075,"[284,275,511,512]",cloth
h24vc,"[2,296,320,512]",surgical
terx3,"[100,183,365,358]",cloth
2gv2c,"[70,336,319,512]",surgical
9547x,"[140,118,389,439]",KN95
pj4zr,"[168,227,432,414]",KN95
jnuko,"[90,331,362,490]",KN95
8665y,"[57,344,356,512]",KN95
smmp7,"[106,263,384,468]",KN95
kayy1,"[98,185,300,362]",N95
6x29r,"[245,350,493,511]",surgical
fy1vy,"[171,295,441,512]",surgical
t8189,"[100,423,377,511]",cloth
ch018,"[59,268,360,476]",cloth
4vjw8,"[12,202,193,400]",N95
ugrky,"[67,240,368,480]",KN95
jrt60,"[119,160,324,368]",N95
ntm5u,"[30,157,323,373]",cloth
4ptoa,"[149,198,337,373]",N95
02gyu,"[144,236,426,485]",N95
bqc9n,"[0,164,387,468]",cloth
tn690,"[275,307,512,480]",KN95
sj3k6,"[146,200,384,385]",N95
ub3a3,"[93,107,395,297]",cloth
0jozz,"[119,284,375,465]",surgical
ktfph,"[0,272,259,512]",N95
vtwjb,"[87,305,401,492]",KN95
zvsry,"[89,140,358,298]",surgical
g2c0d,"[52,369,317,512]",N95
nwv8q,"[231,270,490,497]",surgical
8aurl,"[72,314,381,512]",cloth
u03z7,"[191,236,471,442]",cloth
esrzm,"[100,208,317,417]",N95
sqjv1,"[0,88,236,267]",cloth
pz5v6,"[138,302,313,497]",N95
n3ina,"[152,45,393,260]",N95
jjtws,"[154,193,441,414]",KN95
ysiy0,"[30,307,270,499]",N95
lmniw,"[125,184,396,380]",surgical
dmv6t,"[132,187,368,349]",surgical
93z1p,"[15,68,261,234]",cloth
9ve7v,"[174,339,463,512]",cloth
69mdy,"[14,161,207,360]",N95
1zk4x,"[92,295,304,494]",N95
fdixq,"[152,131,441,324]",cloth
t8dvx,"[103,249,346,464]",surgical
9kdjv,"[8,277,288,510]",surgical
gf4v0,"[207,275,445,475]",N95
d1ffv,"[21,259,240,436]",surgical
7jmb8,"[183,311,429,495]",KN95
qtg7l,"[265,283,440,482]",N95
7rbet,"[113,254,414,512]",surgical
zr54h,"[1,233,279,436]",surgical
tznv1,"[101,264,368,511]",surgical
a2opc,"[145,62,501,286]",KN95
xu26l,"[0,289,257,512]",surgical
y85ao,"[204,280,478,464]",KN95
1hovb,"[67,314,329,512]",cloth
qdpcp,"[53,258,333,511]",KN95
1fp3s,"[120,249,451,488]",KN95
iu3g4,"[162,355,399,512]",N95
0l5oa,"[57,271,320,492]",N95
03574,"[228,170,454,403]",N95
5j7hs,"[0,140,241,426]",KN95
iieno,"[198,213,462,424]",cloth
cdt1f,"[169,189,448,384]",cloth
l1pgt,"[19,183,263,381]",surgical
wssf5,"[122,250,439,496]",KN95
xoa01,"[203,339,383,512]",N95
dch89,"[156,116,357,323]",N95
phboj,"[195,223,452,423]",KN95
1ziv3,"[215,113,476,323]",KN95
6hv8y,"[112,148,414,374]",cloth
lq1ce,"[154,222,457,432]",KN95
jfso1,"[129,373,305,512]",N95
7v8en,"[0,211,291,417]",KN95
o6635,"[96,251,402,444]",KN95
fvjfi,"[174,128,432,344]",surgical
lgsjl,"[28,391,308,512]",KN95
6pzra,"[78,318,375,511]",N95
xujby,"[85,308,372,504]",cloth
fed76,"[199,288,454,484]",KN95
bqo28,"[126,107,400,354]",KN95
107o7,"[32,129,317,352]",cloth
o7n5q,"[99,204,265,385]",N95
dz4vs,"[170,109,425,287]",surgical
4l2kn,"[136,304,361,510]",surgical
k9xsv,"[120,146,288,332]",N95
3j66r,"[30,289,364,504]",KN95
ke97i,"[165,359,424,511]",surgical
p1yjx,"[4,208,310,422]",cloth
mj3ee,"[80,303,364,505]",KN95
a9lmf,"[269,350,461,512]",N95
gbrc9,"[145,285,341,496]",N95
pc3rv,"[53,154,262,368]",N95
yx5q7,"[129,284,398,460]",KN95
lf092,"[61,389,363,512]",cloth
mi4nn,"[0,120,193,321]",surgical
dqplf,"[0,350,218,511]",KN95
6ora9,"[198,262,441,484]",surgical
5k0sg,"[184,261,470,448]",KN95
ugtqo,"[8,366,251,511]",KN95
8vsev,"[129,234,395,423]",KN95
or9jn,"[330,0,512,69]",KN95
dwcbd,"[256,223,510,464]",surgical
kzemq,"[257,357,512,512]",cloth
xvze4,"[142,398,373,511]",cloth
cpkt2,"[316,373,512,511]",surgical
dqcdk,"[183,334,417,511]",surgical
snq4r,"[137,177,408,375]",KN95
dke2d,"[202,252,496,477]",cloth
0j7bq,"[283,274,477,472]",N95
vg20m,"[2,226,244,447]",surgical
0ck4j,"[155,148,392,317]",surgical
b9thr,"[136,250,402,448]",KN95
osifi,"[168,117,354,305]",cloth
xv57n,"[62,144,324,355]",surgical
se53m,"[116,117,380,328]",cloth
tgmmr,"[93,274,309,464]",cloth
pco3x,"[126,359,390,512]",surgical
ll5f7,"[142,209,407,434]",surgical
0pill,"[245,259,493,492]",surgical
qhqu6,"[40,146,288,336]",surgical
bolty,"[11,141,313,357]",surgical
zhvox,"[152,255,444,495]",cloth
kj1aw,"[41,271,408,482]",KN95
9hz17,"[203,254,475,423]",KN95
sfkus,"[90,242,290,431]",N95
slp3c,"[78,253,275,461]",N95
2twta,"[71,270,276,480]",N95
aodhb,"[97,187,344,402]",surgical
tq7af,"[138,284,377,510]",surgical
uxczs,"[0,195,232,382]",surgical
dsmlc,"[41,314,290,512]",surgical
mpwzv,"[5,346,309,512]",cloth
dg00l,"[111,286,444,511]",KN95
82xa4,"[207,254,482,480]",N95
rsdti,"[235,300,497,512]",KN95
cuiu3,"[112,161,363,331]",cloth
7vy9t,"[31,260,187,457]",N95
fanzo,"[118,264,411,488]",cloth
8bv66,"[0,405,273,512]",cloth
1zjxx,"[170,241,362,459]",N95
orogd,"[92,221,343,432]",surgical
ut7sb,"[65,141,339,336]",KN95
zd20o,"[51,175,371,427]",surgical
21qfx,"[200,255,446,418]",cloth
t9zcx,"[227,219,510,445]",cloth
8b4vr,"[71,181,385,435]",surgical
d4t2d,"[60,364,334,512]",KN95
ma2vb,"[65,130,320,335]",KN95
rtc8h,"[236,391,511,512]",KN95
6t05p,"[275,283,512,502]",cloth
zqarw,"[0,273,288,512]",KN95
sl1nj,"[144,334,438,512]",KN95
6v1m7,"[8,231,290,463]",N95
rwqwd,"[328,269,512,475]",N95
epluv,"[46,211,273,458]",cloth
o7uvt,"[0,305,314,501]",cloth
4bz35,"[120,220,362,458]",cloth
gh2n7,"[92,231,379,448]",KN95
5rm7f,"[112,226,394,427]",surgical
xzudx,"[188,312,499,512]",KN95
sb158,"[222,314,511,512]",cloth
l34q4,"[94,222,328,429]",surgical
n2fnh,"[214,93,511,333]",cloth
lz3ut,"[73,268,331,475]",surgical
de8ez,"[66,289,361,512]",N95
qv2vk,"[158,156,423,341]",cloth
2refw,"[0,197,218,348]",KN95
sv2wg,"[168,314,398,512]",cloth
8mnae,"[87,274,388,457]",KN95
vwj6r,"[146,94,329,264]",N95
gctlm,"[139,278,368,450]",surgical
l77xe,"[99,66,354,248]",KN95
mwq6v,"[307,220,512,405]",cloth
cahgo,"[345,186,382,212]",surgical
uoabi,"[61,244,356,493]",surgical
855i9,"[279,248,512,462]",cloth
s7xfb,"[149,180,436,388]",cloth
mdf75,"[74,348,343,511]",KN95
9yyno,"[188,104,484,389]",KN95
dbt1y,"[113,219,433,413]",KN95
zwbk6,"[7,124,280,335]",KN95
kuk13,"[227,327,452,511]",N95
s3aie,"[100,227,295,443]",N95
hpt7y,"[271,300,498,500]",surgical
4mpmv,"[337,300,505,476]",N95
ptif3,"[0,181,202,367]",cloth
fnnkz,"[158,293,352,486]",N95
aqzlt,"[116,330,452,512]",KN95
4m7f8,"[241,257,457,435]",surgical
s22rp,"[53,223,319,416]",N95
o8rw2,"[200,127,406,302]",N95
n13bh,"[134,193,420,400]",KN95
63g19,"[186,279,457,455]",KN95
1f1zn,"[48,152,272,323]",surgical
l9tt7,"[68,232,321,400]",surgical
3kyq0,"[148,149,320,317]",N95
1ro1q,"[117,258,444,467]",KN95
2ynxh,"[0,226,261,434]",cloth
7eup9,"[241,204,482,396]",cloth
tznmc,"[206,298,464,512]",N95
piewv,"[181,226,383,435]",N95
dy4u4,"[147,362,385,512]",surgical
sx1nw,"[0,220,202,412]",surgical
ara2x,"[72,394,318,512]",surgical
mq195,"[159,220,334,430]",N95
ehmnw,"[108,190,418,435]",N95
3uipp,"[69,154,348,387]",surgical
5p5li,"[90,161,331,346]",surgical
a6vv8,"[41,253,358,470]",surgical
nprs0,"[76,49,380,370]",N95
54dig,"[25,196,294,404]",cloth
18omy,"[28,46,302,254]",cloth
w7frr,"[93,285,340,462]",surgical
m2dw0,"[0,277,220,461]",KN95
mpds5,"[136,248,308,434]",N95
3b69n,"[266,314,496,512]",surgical
xlnle,"[10,277,267,477]",surgical
zpae6,"[43,369,301,512]",KN95
njtk0,"[179,290,496,499]",cloth
puqiq,"[262,140,448,334]",N95
kjphs,"[186,306,471,511]",KN95
0m46y,"[15,60,196,262]",N95
n30e8,"[187,255,468,472]",surgical
7domi,"[57,237,235,439]",N95
j0spu,"[215,378,512,512]",KN95
c2itg,"[147,205,403,411]",cloth
8b4o0,"[194,350,495,511]",surgical
h72ls,"[76,364,381,512]",KN95
vpor3,"[181,235,428,417]",surgical
8004o,"[271,324,508,509]",surgical
skjjc,"[193,276,450,476]",N95
hhh9a,"[158,221,392,427]",cloth
vz0d8,"[137,320,428,512]",KN95
jaexe,"[57,131,240,331]",N95
61f1v,"[161,400,436,512]",cloth
tgydl,"[64,307,344,512]",surgical
gc9gc,"[170,252,441,408]",KN95
j31z6,"[3,191,281,412]",surgical
ed54n,"[8,296,286,508]",surgical
j9tu5,"[181,369,472,512]",KN95
nrz3m,"[0,215,215,414]",surgical
dpria,"[72,213,376,488]",N95
q7vf8,"[108,433,356,512]",cloth
veo2i,"[247,295,500,511]",surgical
99ftu,"[176,174,432,414]",surgical
u0i1m,"[57,280,358,470]",KN95
4269b,"[0,237,298,439]",cloth
3x38q,"[254,98,451,312]",N95
3cx5o,"[359,105,511,284]",surgical
jokyl,"[33,239,242,437]",N95
e29gg,"[99,387,316,512]",surgical
b2vqu,"[272,369,492,512]",N95
xmr7b,"[316,344,509,472]",KN95
62qd7,"[32,256,358,488]",surgical
4hz1e,"[80,163,297,404]",N95
p90o9,"[148,345,332,480]",surgical
gfgst,"[328,304,512,477]",cloth
ts6ti,"[154,139,350,330]",N95
czb1q,"[102,333,338,509]",surgical
3e6cj,"[0,124,270,346]",KN95
zkk14,"[120,284,434,504]",surgical
rl0kl,"[165,193,437,419]",KN95
m07zl,"[240,283,511,470]",KN95
h6bkl,"[159,174,437,362]",surgical
fl8tg,"[55,249,372,463]",KN95
qhxfa,"[114,196,328,378]",surgical
jnihi,"[142,348,389,512]",surgical
3th4k,"[84,244,355,468]",N95
67kks,"[236,281,512,480]",cloth
qeipe,"[86,248,334,452]",surgical
aqo9o,"[237,305,423,466]",N95
53oxa,"[90,234,272,435]",N95
ejygk,"[59,183,376,420]",KN95
xi92f,"[0,153,209,340]",cloth
91uhv,"[198,321,500,512]",KN95
6baru,"[248,268,504,458]",surgical
h2sr6,"[44,224,315,456]",surgical
q8a2d,"[38,284,317,473]",KN95
ze03r,"[135,135,429,392]",KN95
k1elw,"[166,251,413,450]",surgical
douav,"[68,292,290,448]",surgical
a5sed,"[305,201,512,408]",cloth
8zt7w,"[147,248,324,456]",N95
mju5o,"[149,267,348,461]",N95
wxqmx,"[122,191,414,425]",cloth
oszk8,"[162,330,431,512]",KN95
2olsb,"[270,191,508,379]",surgical
5tjwu,"[231,328,512,512]",cloth
ij0b9,"[247,253,500,432]",surgical
mmnhl,"[48,307,313,466]",cloth
0hll9,"[0,154,289,408]",surgical
tcjhz,"[195,364,469,512]",KN95
kgxw6,"[73,264,383,497]",KN95
xkpuy,"[289,221,512,425]",cloth
z5x5b,"[100,287,335,477]",surgical
18aaq,"[268,364,453,512]",N95
5pk5z,"[125,271,412,482]",cloth
kkkms,"[8,264,368,478]",cloth
qntee,"[141,205,420,416]",surgical
38lpb,"[224,256,511,473]",KN95
fwcbb,"[146,319,399,501]",cloth
nstyu,"[193,312,472,501]",cloth
u8sa9,"[222,214,493,456]",surgical
rrwj3,"[88,134,389,388]",KN95
qx6ps,"[195,266,478,508]",surgical
nexdv,"[134,240,408,438]",cloth
grevp,"[95,242,376,448]",KN95
74cnr,"[345,212,482,394]",N95
xqrc1,"[16,278,242,478]",surgical
kacz5,"[214,278,469,480]",N95
gqg0g,"[264,81,511,321]",N95
eo4y9,"[0,303,227,504]",cloth
wp5t9,"[167,408,362,512]",N95
rsb1w,"[63,265,338,482]",KN95
l8563,"[199,270,383,454]",N95
1l8j4,"[194,261,452,512]",KN95
yo9q0,"[80,229,368,452]",cloth
e0e3g,"[156,243,353,444]",N95
w2glh,"[193,328,432,511]",surgical
yop0i,"[88,137,342,360]",KN95
9pnl6,"[85,91,348,281]",surgical
m8q57,"[162,263,495,484]",KN95
zqgc4,"[46,200,310,370]",cloth
i1k5f,"[126,294,359,495]",N95
4tvhh,"[55,125,298,325]",surgical
s3p47,"[126,248,384,467]",surgical
uqg0z,"[72,387,379,512]",KN95
w6ohj,"[312,316,512,512]",surgical
f02oc,"[295,182,511,400]",N95
